Date,Time,Comp,Round,Day,Venue,Result,GF,GA,Opponent,xG,xGA,Poss,Attendance,Captain,Formation,Opp Formation,Referee,Notes,team_name,team_url
2024-08-10,15:00,FA Community Shield,FA Community Shield,Sat,Home,D,1 (7),1 (6),Manchester Utd,,,56,78146,Rúben Dias,4-3-3,4-2-3-1,Jarred Gillett,,Manchester City,https://fbref.com/en/squads/b8fd03ef/2024-2025/Manchester-City-Stats
2024-08-18,16:30,Premier League,Matchweek 1,Sun,Away,W,2,0,Chelsea,0.8,1.0,52,39818,Kevin De Bruyne,3-2-4-1,4-2-3-1,Anthony Taylor,,Manchester City,https://fbref.com/en/squads/b8fd03ef/2024-2025/Manchester-City-Stats
2024-08-24,15:00,Premier League,Matchweek 2,Sat,Home,W,4,1,Ipswich Town,3.3,0.3,75,53147,Kevin De Bruyne,3-2-4-1,5-4-1,Samuel Allison,,Manchester City,https://fbref.com/en/squads/b8fd03ef/2024-2025/Manchester-City-Stats
2024-08-31,17:30,Premier League,Matchweek 3,Sat,Away,W,3,1,West Ham,3.0,0.7,67,62469,Kevin De Bruyne,3-2-4-1,4-2-3-1,Michael Oliver,,Manchester City,https://fbref.com/en/squads/b8fd03ef/2024-2025/Manchester-City-Stats
2024-09-14,15:00,Premier League,Matchweek 4,Sat,Home,W,2,1,Brentford,2.1,1.0,54,52148,Kyle Walker,4-2-3-1,5-3-2,Darren Bond,,Manchester City,https://fbref.com/en/squads/b8fd03ef/2024-2025/Manchester-City-Stats
2024-09-18,20:00,Champions Lg,League phase,Wed,Home,D,0,0,it Inter,2.3,0.7,60,50922,Kevin De Bruyne,3-2-4-1,3-5-2,Glenn Nyberg,,Manchester City,https://fbref.com/en/squads/b8fd03ef/2024-2025/Manchester-City-Stats
2024-09-22,16:30,Premier League,Matchweek 5,Sun,Home,D,2,2,Arsenal,2.1,0.7,77,52846,Kyle Walker,4-3-3,4-4-2,Michael Oliver,,Manchester City,https://fbref.com/en/squads/b8fd03ef/2024-2025/Manchester-City-Stats
2024-09-24,19:45,EFL Cup,Third round,Tue,Home,W,2,1,Watford,,,72,40584,Kyle Walker,3-2-4-1,5-3-2,David Webb,,Manchester City,https://fbref.com/en/squads/b8fd03ef/2024-2025/Manchester-City-Stats
2024-09-28,12:30,Premier League,Matchweek 6,Sat,Away,D,1,1,Newcastle Utd,0.9,1.6,62,52248,Kyle Walker,4-2-3-1,4-3-3,Jarred Gillett,,Manchester City,https://fbref.com/en/squads/b8fd03ef/2024-2025/Manchester-City-Stats
2024-10-01,21:00 (20:00),Champions Lg,League phase,Tue,Away,W,4,0,sk Slovan Bratislava,3.7,0.1,75,22500,İlkay Gündoğan,4-2-3-1,4-2-3-1,Davide Massa,,Manchester City,https://fbref.com/en/squads/b8fd03ef/2024-2025/Manchester-City-Stats
2024-10-05,15:00,Premier League,Matchweek 7,Sat,Home,W,3,2,Fulham,1.6,2.6,58,53017,Rúben Dias,4-1-4-1,5-4-1,Peter Bankes,,Manchester City,https://fbref.com/en/squads/b8fd03ef/2024-2025/Manchester-City-Stats
2024-10-20,14:00,Premier League,Matchweek 8,Sun,Away,W,2,1,Wolves,1.6,0.8,77,31319,Rúben Dias,4-1-4-1,3-5-2,Chris Kavanagh,,Manchester City,https://fbref.com/en/squads/b8fd03ef/2024-2025/Manchester-City-Stats
2024-10-23,20:00,Champions Lg,League phase,Wed,Home,W,5,0,cz Sparta Prague,2.9,0.2,79,50116,Bernardo Silva,4-1-4-1,3-4-3,Maurizio Mariani,,Manchester City,https://fbref.com/en/squads/b8fd03ef/2024-2025/Manchester-City-Stats
2024-10-26,15:00,Premier League,Matchweek 9,Sat,Home,W,1,0,Southampton,2.9,0.2,57,52844,Rúben Dias,4-1-4-1,5-4-1,Tony Harrington,,Manchester City,https://fbref.com/en/squads/b8fd03ef/2024-2025/Manchester-City-Stats
2024-10-30,20:15 (21:15),EFL Cup,Fourth round,Wed,Away,L,1,2,Tottenham,,,68,60797,Rúben Dias,4-1-4-1,4-3-3,Robert Jones,,Manchester City,https://fbref.com/en/squads/b8fd03ef/2024-2025/Manchester-City-Stats
2024-11-02,15:00 (16:00),Premier League,Matchweek 10,Sat,Away,L,1,2,Bournemouth,1.6,2.0,64,11231,Kyle Walker,4-1-4-1,4-2-3-1,Michael Oliver,,Manchester City,https://fbref.com/en/squads/b8fd03ef/2024-2025/Manchester-City-Stats
2024-11-05,20:00 (21:00),Champions Lg,League phase,Tue,Away,L,1,4,pt Sporting CP,2.1,2.9,72,47453,Bernardo Silva,4-1-4-1,3-4-3,Daniel Siebert,,Manchester City,https://fbref.com/en/squads/b8fd03ef/2024-2025/Manchester-City-Stats
2024-11-09,17:30 (18:30),Premier League,Matchweek 11,Sat,Away,L,1,2,Brighton,2.1,2.3,60,31715,Kyle Walker,4-1-4-1,4-4-2,Samuel Barrott,,Manchester City,https://fbref.com/en/squads/b8fd03ef/2024-2025/Manchester-City-Stats
2024-11-23,17:30 (18:30),Premier League,Matchweek 12,Sat,Home,L,0,4,Tottenham,2.1,2.5,58,52478,Kyle Walker,4-3-3,4-3-3,John Brooks,,Manchester City,https://fbref.com/en/squads/b8fd03ef/2024-2025/Manchester-City-Stats
2024-11-26,20:00 (21:00),Champions Lg,League phase,Tue,Home,D,3,3,nl Feyenoord,2.1,2.2,63,47011,Bernardo Silva,4-2-3-1,4-3-3,Radu Petrescu,,Manchester City,https://fbref.com/en/squads/b8fd03ef/2024-2025/Manchester-City-Stats
2024-12-01,16:00 (17:00),Premier League,Matchweek 13,Sun,Away,L,0,2,Liverpool,0.8,3.4,56,60248,Kyle Walker,4-2-3-1,4-2-3-1,Chris Kavanagh,,Manchester City,https://fbref.com/en/squads/b8fd03ef/2024-2025/Manchester-City-Stats
2024-12-04,19:30 (20:30),Premier League,Matchweek 14,Wed,Home,W,3,0,Nott'ham Forest,2.4,1.0,66,51764,Kevin De Bruyne,4-2-3-1,4-2-3-1,Michael Oliver,,Manchester City,https://fbref.com/en/squads/b8fd03ef/2024-2025/Manchester-City-Stats
2024-12-07,15:00 (16:00),Premier League,Matchweek 15,Sat,Away,D,2,2,Crystal Palace,1.4,1.3,68,25142,Kyle Walker,4-2-3-1,3-4-3,Robert Jones,,Manchester City,https://fbref.com/en/squads/b8fd03ef/2024-2025/Manchester-City-Stats
2024-12-11,21:00,Champions Lg,League phase,Wed,Away,L,0,2,it Juventus,1.2,1.1,69,40890,Kyle Walker,4-2-3-1,4-2-3-1,Clément Turpin,,Manchester City,https://fbref.com/en/squads/b8fd03ef/2024-2025/Manchester-City-Stats
2024-12-15,16:30 (17:30),Premier League,Matchweek 16,Sun,Home,L,1,2,Manchester Utd,0.9,2.1,52,53184,Kyle Walker,4-1-4-1,3-4-3,Anthony Taylor,,Manchester City,https://fbref.com/en/squads/b8fd03ef/2024-2025/Manchester-City-Stats
2024-12-21,12:30 (13:30),Premier League,Matchweek 17,Sat,Away,L,1,2,Aston Villa,1.0,1.6,56,42345,Bernardo Silva,4-2-3-1,4-2-3-1,Peter Bankes,,Manchester City,https://fbref.com/en/squads/b8fd03ef/2024-2025/Manchester-City-Stats
2024-12-26,12:30 (13:30),Premier League,Matchweek 18,Thu,Home,D,1,1,Everton,2.1,0.7,66,55527,Bernardo Silva,4-1-4-1,4-3-3,Simon Hooper,,Manchester City,https://fbref.com/en/squads/b8fd03ef/2024-2025/Manchester-City-Stats
2024-12-29,14:30 (15:30),Premier League,Matchweek 19,Sun,Away,W,2,0,Leicester City,1.3,1.3,47,32057,Kevin De Bruyne,4-1-4-1,4-2-3-1,Michael Oliver,,Manchester City,https://fbref.com/en/squads/b8fd03ef/2024-2025/Manchester-City-Stats
2025-01-04,15:00 (16:00),Premier League,Matchweek 20,Sat,Home,W,4,1,West Ham,1.9,1.4,56,52737,Kevin De Bruyne,4-1-4-1,4-2-3-1,Michael Salisbury,,Manchester City,https://fbref.com/en/squads/b8fd03ef/2024-2025/Manchester-City-Stats
2025-01-11,17:45 (18:45),FA Cup,Third round proper,Sat,Home,W,8,0,Salford City,,,,52056,İlkay Gündoğan,3-4-3,3-1-4-2,Joshua Smith,,Manchester City,https://fbref.com/en/squads/b8fd03ef/2024-2025/Manchester-City-Stats
2025-01-14,19:30 (20:30),Premier League,Matchweek 21,Tue,Away,D,2,2,Brentford,2.2,2.5,55,17048,Kevin De Bruyne,4-2-3-1,4-3-3,Anthony Taylor,,Manchester City,https://fbref.com/en/squads/b8fd03ef/2024-2025/Manchester-City-Stats
2025-01-19,16:30 (17:30),Premier League,Matchweek 22,Sun,Away,W,6,0,Ipswich Town,3.0,0.5,67,29841,Kevin De Bruyne,4-2-3-1,5-4-1,Samuel Barrott,,Manchester City,https://fbref.com/en/squads/b8fd03ef/2024-2025/Manchester-City-Stats
2025-01-22,21:00,Champions Lg,League phase,Wed,Away,L,2,4,fr Paris S-G,1.7,2.8,37,47818,Kevin De Bruyne,4-2-3-1,4-3-3,Szymon Marciniak,,Manchester City,https://fbref.com/en/squads/b8fd03ef/2024-2025/Manchester-City-Stats
2025-01-25,17:30 (18:30),Premier League,Matchweek 23,Sat,Home,W,3,1,Chelsea,2.2,1.8,56,52687,Bernardo Silva,4-3-3,4-2-3-1,John Brooks,,Manchester City,https://fbref.com/en/squads/b8fd03ef/2024-2025/Manchester-City-Stats
2025-01-29,20:00 (21:00),Champions Lg,League phase,Wed,Home,W,3,1,be Club Brugge,2.0,1.1,73,51237,Kevin De Bruyne,4-2-3-1,4-2-3-1,Jose Maria Sánchez,,Manchester City,https://fbref.com/en/squads/b8fd03ef/2024-2025/Manchester-City-Stats
Date,Time,Comp,Round,Day,Venue,Result,GF,GA,Opponent,xG,xGA,Poss,Attendance,Captain,Formation,Opp Formation,Referee,Notes,Manchester City,https://fbref.com/en/squads/b8fd03ef/2024-2025/Manchester-City-Stats
2025-02-02,16:30 (17:30),Premier League,Matchweek 24,Sun,Away,L,1,5,Arsenal,0.8,1.0,54,60355,Bernardo Silva,4-2-3-1,4-3-3,Peter Bankes,,Manchester City,https://fbref.com/en/squads/b8fd03ef/2024-2025/Manchester-City-Stats
2025-02-08,12:15 (13:15),FA Cup,Fourth round proper,Sat,Away,W,2,1,Leyton Orient,,,73,8749,Rúben Dias,4-2-3-1,4-2-3-1,Darren Bond,,Manchester City,https://fbref.com/en/squads/b8fd03ef/2024-2025/Manchester-City-Stats
2025-02-11,20:00 (21:00),Champions Lg,Knockout phase play-offs,Tue,Home,L,2,3,es Real Madrid,1.5,3.2,54,52081,Kevin De Bruyne,4-1-4-1,4-4-2,Clément Turpin,Leg 1 of 2,Manchester City,https://fbref.com/en/squads/b8fd03ef/2024-2025/Manchester-City-Stats
2025-02-15,15:00 (16:00),Premier League,Matchweek 25,Sat,Home,W,4,0,Newcastle Utd,1.9,0.5,61,52479,Erling Haaland,4-2-3-1,4-3-3,Andy Madley,,Manchester City,https://fbref.com/en/squads/b8fd03ef/2024-2025/Manchester-City-Stats
2025-02-19,21:00,Champions Lg,Knockout phase play-offs,Wed,Away,L,1,3,es Real Madrid,1.3,1.8,52,77023,Rúben Dias,4-1-2-1-2◆,4-4-2,István Kovács,Leg 2 of 2; Real Madrid won,Manchester City,https://fbref.com/en/squads/b8fd03ef/2024-2025/Manchester-City-Stats
2025-02-23,16:30,Premier League,Matchweek 26,Sun,Home,L,0,2,Liverpool,0.6,0.7,66,52803,Kevin De Bruyne,4-1-4-1,4-2-2-2,Anthony Taylor,,Manchester City,https://fbref.com/en/squads/b8fd03ef/2024-2025/Manchester-City-Stats
2025-02-26,19:30,Premier League,Matchweek 27,Wed,Away,W,1,0,Tottenham,2.1,1.3,45,60820,Rúben Dias,4-2-3-1,4-3-3,Jarred Gillett,,Manchester City,https://fbref.com/en/squads/b8fd03ef/2024-2025/Manchester-City-Stats
2025-03-01,17:45,FA Cup,Fifth round proper,Sat,Home,W,3,1,Plymouth Argyle,,,73,50044,Kevin De Bruyne,4-1-4-1,5-4-1,Craig Pawson,,Manchester City,https://fbref.com/en/squads/b8fd03ef/2024-2025/Manchester-City-Stats
2025-03-08,12:30,Premier League,Matchweek 28,Sat,Away,L,0,1,Nott'ham Forest,0.9,0.7,69,30252,Rúben Dias,4-1-4-1,4-2-3-1,Chris Kavanagh,,Manchester City,https://fbref.com/en/squads/b8fd03ef/2024-2025/Manchester-City-Stats
2025-03-15,15:00,Premier League,Matchweek 29,Sat,Home,D,2,2,Brighton,1.7,2.0,60,52471,Rúben Dias,4-2-3-1,4-2-3-1,Simon Hooper,,Manchester City,https://fbref.com/en/squads/b8fd03ef/2024-2025/Manchester-City-Stats
2025-03-30,16:30 (15:30),FA Cup,Quarter-finals,Sun,Away,W,2,1,Bournemouth,,,64,10954,Kevin De Bruyne,4-3-3,4-2-3-1,Stuart Attwell,,Manchester City,https://fbref.com/en/squads/b8fd03ef/2024-2025/Manchester-City-Stats
2025-04-02,19:45 (18:45),Premier League,Matchweek 30,Wed,Home,W,2,0,Leicester City,2.2,0.1,72,52148,Rúben Dias,4-2-3-1,3-4-3,Darren England,,Manchester City,https://fbref.com/en/squads/b8fd03ef/2024-2025/Manchester-City-Stats
2025-04-06,16:30,Premier League,Matchweek 31,Sun,Away,D,0,0,Manchester Utd,0.5,0.9,58,73738,Kevin De Bruyne,4-1-2-1-2◆,3-4-3,John Brooks,,Manchester City,https://fbref.com/en/squads/b8fd03ef/2024-2025/Manchester-City-Stats
2025-04-12,12:30,Premier League,Matchweek 32,Sat,Home,W,5,2,Crystal Palace,3.7,1.8,67,52489,Kevin De Bruyne,4-2-3-1,3-4-3,Jarred Gillett,,Manchester City,https://fbref.com/en/squads/b8fd03ef/2024-2025/Manchester-City-Stats
2025-04-19,15:00,Premier League,Matchweek 33,Sat,Away,W,2,0,Everton,2.0,0.9,67,39332,Kevin De Bruyne,4-2-3-1,4-2-3-1,Simon Hooper,,Manchester City,https://fbref.com/en/squads/b8fd03ef/2024-2025/Manchester-City-Stats
2025-04-22,20:00,Premier League,Matchweek 34,Tue,Home,W,2,1,Aston Villa,1.3,1.8,61,51834,Kevin De Bruyne,4-1-4-1,4-2-3-1,Craig Pawson,,Manchester City,https://fbref.com/en/squads/b8fd03ef/2024-2025/Manchester-City-Stats
2025-04-27,16:30,FA Cup,Semi-finals,Sun,Away,W,2,0,Nott'ham Forest,,,67,72976,Rúben Dias,4-3-1-2,4-4-2,Michael Oliver,,Manchester City,https://fbref.com/en/squads/b8fd03ef/2024-2025/Manchester-City-Stats
2025-05-02,20:00,Premier League,Matchweek 35,Fri,Home,W,1,0,Wolves,0.7,0.4,63,53282,Kevin De Bruyne,4-2-3-1,3-4-3,Peter Bankes,,Manchester City,https://fbref.com/en/squads/b8fd03ef/2024-2025/Manchester-City-Stats
2025-05-10,15:00,Premier League,Matchweek 36,Sat,Away,D,0,0,Southampton,1.7,0.1,72,30937,Kevin De Bruyne,4-2-3-1,3-4-3,Tim Robinson,,Manchester City,https://fbref.com/en/squads/b8fd03ef/2024-2025/Manchester-City-Stats
2025-05-17,16:30,FA Cup,Final,Sat,Neutral,L,0,1,Crystal Palace,,,78,84163,Kevin De Bruyne,4-2-3-1,3-4-3,Stuart Attwell,,Manchester City,https://fbref.com/en/squads/b8fd03ef/2024-2025/Manchester-City-Stats
2025-05-20,20:00,Premier League,Matchweek 37,Tue,Home,W,3,1,Bournemouth,1.5,1.1,57,52487,Kevin De Bruyne,4-2-3-1,4-2-3-1,Thomas Bramall,,Manchester City,https://fbref.com/en/squads/b8fd03ef/2024-2025/Manchester-City-Stats
2025-05-25,16:00,Premier League,Matchweek 38,Sun,Away,W,2,0,Fulham,3.0,1.3,53,27671,Rúben Dias,4-2-3-1,4-2-3-1,Andy Madley,,Manchester City,https://fbref.com/en/squads/b8fd03ef/2024-2025/Manchester-City-Stats
